{
    "training_date": "2025-12-17 13:12:53",
    "hyperparameters": {
        "dimensions": 128,
        "walk_length": 80,
        "num_walks": 10,
        "window": 10,
        "epochs": 20,
        "p": 1,
        "q": 1,
        "workers": 4,
        "sg": 1
    },
    "data_info": {
        "total_graph_nodes": 984,
        "total_samples": 984,
        "embedding_dimension": 128,
        "num_departments": 40,
        "coverage_percentage": 100.0,
        "unique_departments": [
            0,
            1,
            2,
            3,
            4,
            5,
            6,
            7,
            8,
            9,
            10,
            11,
            12,
            13,
            14,
            15,
            16,
            17,
            19,
            20,
            21,
            22,
            23,
            24,
            25,
            26,
            27,
            28,
            29,
            30,
            31,
            32,
            34,
            35,
            36,
            37,
            38,
            39,
            40,
            41
        ]
    },
    "class_distribution": {
        "0": 49,
        "1": 62,
        "2": 10,
        "3": 12,
        "4": 107,
        "5": 18,
        "6": 28,
        "7": 49,
        "8": 19,
        "9": 31,
        "10": 39,
        "11": 29,
        "12": 3,
        "13": 26,
        "14": 91,
        "15": 54,
        "16": 24,
        "17": 34,
        "19": 29,
        "20": 13,
        "21": 56,
        "22": 25,
        "23": 27,
        "24": 6,
        "25": 6,
        "26": 9,
        "27": 10,
        "28": 8,
        "29": 5,
        "30": 4,
        "31": 8,
        "32": 9,
        "34": 12,
        "35": 13,
        "36": 22,
        "37": 15,
        "38": 13,
        "39": 3,
        "40": 4,
        "41": 2
    },
    "data_quality": {
        "nan_values": 0,
        "inf_values": 0,
        "X_min": -1.3509601354599,
        "X_max": 1.2730669975280762,
        "X_mean": 0.003363233059644699,
        "X_std": 0.24872729182243347
    }
}